name,mbid,url,image,small_image
Dennis Lloyd,,https://www.last.fm/music/Dennis+Lloyd,"[{""#text"":""https://lastfm.freetls.fastly.net/i/u/34s/2a96cbd8b46e442fc41c2b86b821562f.png"",""size"":""small""},{""#text"":""https://lastfm.freetls.fastly.net/i/u/64s/2a96cbd8b46e442fc41c2b86b821562f.png"",""size"":""medium""},{""#text"":""https://lastfm.freetls.fastly.net/i/u/174s/2a96cbd8b46e442fc41c2b86b821562f.png"",""size"":""large""},{""#text"":""https://lastfm.freetls.fastly.net/i/u/300x300/2a96cbd8b46e442fc41c2b86b821562f.png"",""size"":""extralarge""},{""#text"":""https://lastfm.freetls.fastly.net/i/u/300x300/2a96cbd8b46e442fc41c2b86b821562f.png"",""size"":""mega""}]",https://lastfm.freetls.fastly.net/i/u/34s/2a96cbd8b46e442fc41c2b86b821562f.png
Dennis Brown,24c0aaf3-4ac2-4f9a-9ce6-a1545a96f017,https://www.last.fm/music/Dennis+Brown,"[{""#text"":""https://lastfm.freetls.fastly.net/i/u/34s/2a96cbd8b46e442fc41c2b86b821562f.png"",""size"":""small""},{""#text"":""https://lastfm.freetls.fastly.net/i/u/64s/2a96cbd8b46e442fc41c2b86b821562f.png"",""size"":""medium""},{""#text"":""https://lastfm.freetls.fastly.net/i/u/174s/2a96cbd8b46e442fc41c2b86b821562f.png"",""size"":""large""},{""#text"":""https://lastfm.freetls.fastly.net/i/u/300x300/2a96cbd8b46e442fc41c2b86b821562f.png"",""size"":""extralarge""},{""#text"":""https://lastfm.freetls.fastly.net/i/u/300x300/2a96cbd8b46e442fc41c2b86b821562f.png"",""size"":""mega""}]",https://lastfm.freetls.fastly.net/i/u/34s/2a96cbd8b46e442fc41c2b86b821562f.png
Dennis Dj,,https://www.last.fm/music/Dennis+Dj,"[{""#text"":""https://lastfm.freetls.fastly.net/i/u/34s/2a96cbd8b46e442fc41c2b86b821562f.png"",""size"":""small""},{""#text"":""https://lastfm.freetls.fastly.net/i/u/64s/2a96cbd8b46e442fc41c2b86b821562f.png"",""size"":""medium""},{""#text"":""https://lastfm.freetls.fastly.net/i/u/174s/2a96cbd8b46e442fc41c2b86b821562f.png"",""size"":""large""},{""#text"":""https://lastfm.freetls.fastly.net/i/u/300x300/2a96cbd8b46e442fc41c2b86b821562f.png"",""size"":""extralarge""},{""#text"":""https://lastfm.freetls.fastly.net/i/u/300x300/2a96cbd8b46e442fc41c2b86b821562f.png"",""size"":""mega""}]",https://lastfm.freetls.fastly.net/i/u/34s/2a96cbd8b46e442fc41c2b86b821562f.png
Dennis,db262e4c-cdef-45a5-9d3f-652151bf5fab,https://www.last.fm/music/Dennis,"[{""#text"":""https://lastfm.freetls.fastly.net/i/u/34s/2a96cbd8b46e442fc41c2b86b821562f.png"",""size"":""small""},{""#text"":""https://lastfm.freetls.fastly.net/i/u/64s/2a96cbd8b46e442fc41c2b86b821562f.png"",""size"":""medium""},{""#text"":""https://lastfm.freetls.fastly.net/i/u/174s/2a96cbd8b46e442fc41c2b86b821562f.png"",""size"":""large""},{""#text"":""https://lastfm.freetls.fastly.net/i/u/300x300/2a96cbd8b46e442fc41c2b86b821562f.png"",""size"":""extralarge""},{""#text"":""https://lastfm.freetls.fastly.net/i/u/300x300/2a96cbd8b46e442fc41c2b86b821562f.png"",""size"":""mega""}]",https://lastfm.freetls.fastly.net/i/u/34s/2a96cbd8b46e442fc41c2b86b821562f.png
Dennis Wilson,86b9a4b4-b6a6-4cb3-973c-af4ed2863350,https://www.last.fm/music/Dennis+Wilson,"[{""#text"":""https://lastfm.freetls.fastly.net/i/u/34s/2a96cbd8b46e442fc41c2b86b821562f.png"",""size"":""small""},{""#text"":""https://lastfm.freetls.fastly.net/i/u/64s/2a96cbd8b46e442fc41c2b86b821562f.png"",""size"":""medium""},{""#text"":""https://lastfm.freetls.fastly.net/i/u/174s/2a96cbd8b46e442fc41c2b86b821562f.png"",""size"":""large""},{""#text"":""https://lastfm.freetls.fastly.net/i/u/300x300/2a96cbd8b46e442fc41c2b86b821562f.png"",""size"":""extralarge""},{""#text"":""https://lastfm.freetls.fastly.net/i/u/300x300/2a96cbd8b46e442fc41c2b86b821562f.png"",""size"":""mega""}]",https://lastfm.freetls.fastly.net/i/u/34s/2a96cbd8b46e442fc41c2b86b821562f.png
Dennis Ferrer,a163dbd2-4ec1-416b-af45-64f9ce31351f,https://www.last.fm/music/Dennis+Ferrer,"[{""#text"":""https://lastfm.freetls.fastly.net/i/u/34s/2a96cbd8b46e442fc41c2b86b821562f.png"",""size"":""small""},{""#text"":""https://lastfm.freetls.fastly.net/i/u/64s/2a96cbd8b46e442fc41c2b86b821562f.png"",""size"":""medium""},{""#text"":""https://lastfm.freetls.fastly.net/i/u/174s/2a96cbd8b46e442fc41c2b86b821562f.png"",""size"":""large""},{""#text"":""https://lastfm.freetls.fastly.net/i/u/300x300/2a96cbd8b46e442fc41c2b86b821562f.png"",""size"":""extralarge""},{""#text"":""https://lastfm.freetls.fastly.net/i/u/300x300/2a96cbd8b46e442fc41c2b86b821562f.png"",""size"":""mega""}]",https://lastfm.freetls.fastly.net/i/u/34s/2a96cbd8b46e442fc41c2b86b821562f.png
Dennis Sheperd,020fa778-0860-46df-8325-1ad9a6870ab5,https://www.last.fm/music/Dennis+Sheperd,"[{""#text"":""https://lastfm.freetls.fastly.net/i/u/34s/2a96cbd8b46e442fc41c2b86b821562f.png"",""size"":""small""},{""#text"":""https://lastfm.freetls.fastly.net/i/u/64s/2a96cbd8b46e442fc41c2b86b821562f.png"",""size"":""medium""},{""#text"":""https://lastfm.freetls.fastly.net/i/u/174s/2a96cbd8b46e442fc41c2b86b821562f.png"",""size"":""large""},{""#text"":""https://lastfm.freetls.fastly.net/i/u/300x300/2a96cbd8b46e442fc41c2b86b821562f.png"",""size"":""extralarge""},{""#text"":""https://lastfm.freetls.fastly.net/i/u/300x300/2a96cbd8b46e442fc41c2b86b821562f.png"",""size"":""mega""}]",https://lastfm.freetls.fastly.net/i/u/34s/2a96cbd8b46e442fc41c2b86b821562f.png
Cathy Dennis,aee63f14-ab80-4b37-86e4-d06fe05a898c,https://www.last.fm/music/Cathy+Dennis,"[{""#text"":""https://lastfm.freetls.fastly.net/i/u/34s/2a96cbd8b46e442fc41c2b86b821562f.png"",""size"":""small""},{""#text"":""https://lastfm.freetls.fastly.net/i/u/64s/2a96cbd8b46e442fc41c2b86b821562f.png"",""size"":""medium""},{""#text"":""https://lastfm.freetls.fastly.net/i/u/174s/2a96cbd8b46e442fc41c2b86b821562f.png"",""size"":""large""},{""#text"":""https://lastfm.freetls.fastly.net/i/u/300x300/2a96cbd8b46e442fc41c2b86b821562f.png"",""size"":""extralarge""},{""#text"":""https://lastfm.freetls.fastly.net/i/u/300x300/2a96cbd8b46e442fc41c2b86b821562f.png"",""size"":""mega""}]",https://lastfm.freetls.fastly.net/i/u/34s/2a96cbd8b46e442fc41c2b86b821562f.png
Dennis McCarthy,ded640b3-6c60-42c9-9588-7e59bbbf51a5,https://www.last.fm/music/Dennis+McCarthy,"[{""#text"":""https://lastfm.freetls.fastly.net/i/u/34s/2a96cbd8b46e442fc41c2b86b821562f.png"",""size"":""small""},{""#text"":""https://lastfm.freetls.fastly.net/i/u/64s/2a96cbd8b46e442fc41c2b86b821562f.png"",""size"":""medium""},{""#text"":""https://lastfm.freetls.fastly.net/i/u/174s/2a96cbd8b46e442fc41c2b86b821562f.png"",""size"":""large""},{""#text"":""https://lastfm.freetls.fastly.net/i/u/300x300/2a96cbd8b46e442fc41c2b86b821562f.png"",""size"":""extralarge""},{""#text"":""https://lastfm.freetls.fastly.net/i/u/300x300/2a96cbd8b46e442fc41c2b86b821562f.png"",""size"":""mega""}]",https://lastfm.freetls.fastly.net/i/u/34s/2a96cbd8b46e442fc41c2b86b821562f.png
Dennis Edwards,1c4ac6de-3520-4651-ae5b-e06896a11abd,https://www.last.fm/music/Dennis+Edwards,"[{""#text"":""https://lastfm.freetls.fastly.net/i/u/34s/2a96cbd8b46e442fc41c2b86b821562f.png"",""size"":""small""},{""#text"":""https://lastfm.freetls.fastly.net/i/u/64s/2a96cbd8b46e442fc41c2b86b821562f.png"",""size"":""medium""},{""#text"":""https://lastfm.freetls.fastly.net/i/u/174s/2a96cbd8b46e442fc41c2b86b821562f.png"",""size"":""large""},{""#text"":""https://lastfm.freetls.fastly.net/i/u/300x300/2a96cbd8b46e442fc41c2b86b821562f.png"",""size"":""extralarge""},{""#text"":""https://lastfm.freetls.fastly.net/i/u/300x300/2a96cbd8b46e442fc41c2b86b821562f.png"",""size"":""mega""}]",https://lastfm.freetls.fastly.net/i/u/34s/2a96cbd8b46e442fc41c2b86b821562f.png
Dennis Alcapone,b183f26f-366d-4ddb-9276-b0aab7a6ec75,https://www.last.fm/music/Dennis+Alcapone,"[{""#text"":""https://lastfm.freetls.fastly.net/i/u/34s/2a96cbd8b46e442fc41c2b86b821562f.png"",""size"":""small""},{""#text"":""https://lastfm.freetls.fastly.net/i/u/64s/2a96cbd8b46e442fc41c2b86b821562f.png"",""size"":""medium""},{""#text"":""https://lastfm.freetls.fastly.net/i/u/174s/2a96cbd8b46e442fc41c2b86b821562f.png"",""size"":""large""},{""#text"":""https://lastfm.freetls.fastly.net/i/u/300x300/2a96cbd8b46e442fc41c2b86b821562f.png"",""size"":""extralarge""},{""#text"":""https://lastfm.freetls.fastly.net/i/u/300x300/2a96cbd8b46e442fc41c2b86b821562f.png"",""size"":""mega""}]",https://lastfm.freetls.fastly.net/i/u/34s/2a96cbd8b46e442fc41c2b86b821562f.png
Dennis Sand,,https://www.last.fm/music/Dennis+Sand,"[{""#text"":""https://lastfm.freetls.fastly.net/i/u/34s/2a96cbd8b46e442fc41c2b86b821562f.png"",""size"":""small""},{""#text"":""https://lastfm.freetls.fastly.net/i/u/64s/2a96cbd8b46e442fc41c2b86b821562f.png"",""size"":""medium""},{""#text"":""https://lastfm.freetls.fastly.net/i/u/174s/2a96cbd8b46e442fc41c2b86b821562f.png"",""size"":""large""},{""#text"":""https://lastfm.freetls.fastly.net/i/u/300x300/2a96cbd8b46e442fc41c2b86b821562f.png"",""size"":""extralarge""},{""#text"":""https://lastfm.freetls.fastly.net/i/u/300x300/2a96cbd8b46e442fc41c2b86b821562f.png"",""size"":""mega""}]",https://lastfm.freetls.fastly.net/i/u/34s/2a96cbd8b46e442fc41c2b86b821562f.png
Dennis Cruz,,https://www.last.fm/music/Dennis+Cruz,"[{""#text"":""https://lastfm.freetls.fastly.net/i/u/34s/2a96cbd8b46e442fc41c2b86b821562f.png"",""size"":""small""},{""#text"":""https://lastfm.freetls.fastly.net/i/u/64s/2a96cbd8b46e442fc41c2b86b821562f.png"",""size"":""medium""},{""#text"":""https://lastfm.freetls.fastly.net/i/u/174s/2a96cbd8b46e442fc41c2b86b821562f.png"",""size"":""large""},{""#text"":""https://lastfm.freetls.fastly.net/i/u/300x300/2a96cbd8b46e442fc41c2b86b821562f.png"",""size"":""extralarge""},{""#text"":""https://lastfm.freetls.fastly.net/i/u/300x300/2a96cbd8b46e442fc41c2b86b821562f.png"",""size"":""mega""}]",https://lastfm.freetls.fastly.net/i/u/34s/2a96cbd8b46e442fc41c2b86b821562f.png
Dennis Lisk,5a0fb9d3-25c2-4894-a44d-7b8d681f00d0,https://www.last.fm/music/Dennis+Lisk,"[{""#text"":""https://lastfm.freetls.fastly.net/i/u/34s/2a96cbd8b46e442fc41c2b86b821562f.png"",""size"":""small""},{""#text"":""https://lastfm.freetls.fastly.net/i/u/64s/2a96cbd8b46e442fc41c2b86b821562f.png"",""size"":""medium""},{""#text"":""https://lastfm.freetls.fastly.net/i/u/174s/2a96cbd8b46e442fc41c2b86b821562f.png"",""size"":""large""},{""#text"":""https://lastfm.freetls.fastly.net/i/u/300x300/2a96cbd8b46e442fc41c2b86b821562f.png"",""size"":""extralarge""},{""#text"":""https://lastfm.freetls.fastly.net/i/u/300x300/2a96cbd8b46e442fc41c2b86b821562f.png"",""size"":""mega""}]",https://lastfm.freetls.fastly.net/i/u/34s/2a96cbd8b46e442fc41c2b86b821562f.png
Dennis Coffey,ecb866c5-4efa-411f-89ea-c9a68728e02d,https://www.last.fm/music/Dennis+Coffey,"[{""#text"":""https://lastfm.freetls.fastly.net/i/u/34s/2a96cbd8b46e442fc41c2b86b821562f.png"",""size"":""small""},{""#text"":""https://lastfm.freetls.fastly.net/i/u/64s/2a96cbd8b46e442fc41c2b86b821562f.png"",""size"":""medium""},{""#text"":""https://lastfm.freetls.fastly.net/i/u/174s/2a96cbd8b46e442fc41c2b86b821562f.png"",""size"":""large""},{""#text"":""https://lastfm.freetls.fastly.net/i/u/300x300/2a96cbd8b46e442fc41c2b86b821562f.png"",""size"":""extralarge""},{""#text"":""https://lastfm.freetls.fastly.net/i/u/300x300/2a96cbd8b46e442fc41c2b86b821562f.png"",""size"":""mega""}]",https://lastfm.freetls.fastly.net/i/u/34s/2a96cbd8b46e442fc41c2b86b821562f.png
Dennis Kruissen,,https://www.last.fm/music/Dennis+Kruissen,"[{""#text"":""https://lastfm.freetls.fastly.net/i/u/34s/2a96cbd8b46e442fc41c2b86b821562f.png"",""size"":""small""},{""#text"":""https://lastfm.freetls.fastly.net/i/u/64s/2a96cbd8b46e442fc41c2b86b821562f.png"",""size"":""medium""},{""#text"":""https://lastfm.freetls.fastly.net/i/u/174s/2a96cbd8b46e442fc41c2b86b821562f.png"",""size"":""large""},{""#text"":""https://lastfm.freetls.fastly.net/i/u/300x300/2a96cbd8b46e442fc41c2b86b821562f.png"",""size"":""extralarge""},{""#text"":""https://lastfm.freetls.fastly.net/i/u/300x300/2a96cbd8b46e442fc41c2b86b821562f.png"",""size"":""mega""}]",https://lastfm.freetls.fastly.net/i/u/34s/2a96cbd8b46e442fc41c2b86b821562f.png
Dennis Martin,c6aac822-101e-4e5e-8847-4ff417765e7b,https://www.last.fm/music/Dennis+Martin,"[{""#text"":""https://lastfm.freetls.fastly.net/i/u/34s/2a96cbd8b46e442fc41c2b86b821562f.png"",""size"":""small""},{""#text"":""https://lastfm.freetls.fastly.net/i/u/64s/2a96cbd8b46e442fc41c2b86b821562f.png"",""size"":""medium""},{""#text"":""https://lastfm.freetls.fastly.net/i/u/174s/2a96cbd8b46e442fc41c2b86b821562f.png"",""size"":""large""},{""#text"":""https://lastfm.freetls.fastly.net/i/u/300x300/2a96cbd8b46e442fc41c2b86b821562f.png"",""size"":""extralarge""},{""#text"":""https://lastfm.freetls.fastly.net/i/u/300x300/2a96cbd8b46e442fc41c2b86b821562f.png"",""size"":""mega""}]",https://lastfm.freetls.fastly.net/i/u/34s/2a96cbd8b46e442fc41c2b86b821562f.png
Dennis Chambers,919553a3-2c2f-4b2e-b0ea-efe8e2573e9c,https://www.last.fm/music/Dennis+Chambers,"[{""#text"":""https://lastfm.freetls.fastly.net/i/u/34s/2a96cbd8b46e442fc41c2b86b821562f.png"",""size"":""small""},{""#text"":""https://lastfm.freetls.fastly.net/i/u/64s/2a96cbd8b46e442fc41c2b86b821562f.png"",""size"":""medium""},{""#text"":""https://lastfm.freetls.fastly.net/i/u/174s/2a96cbd8b46e442fc41c2b86b821562f.png"",""size"":""large""},{""#text"":""https://lastfm.freetls.fastly.net/i/u/300x300/2a96cbd8b46e442fc41c2b86b821562f.png"",""size"":""extralarge""},{""#text"":""https://lastfm.freetls.fastly.net/i/u/300x300/2a96cbd8b46e442fc41c2b86b821562f.png"",""size"":""mega""}]",https://lastfm.freetls.fastly.net/i/u/34s/2a96cbd8b46e442fc41c2b86b821562f.png
Dennis Bovell,77eb63bd-cc38-4044-a23c-c2ff3cfcc610,https://www.last.fm/music/Dennis+Bovell,"[{""#text"":""https://lastfm.freetls.fastly.net/i/u/34s/2a96cbd8b46e442fc41c2b86b821562f.png"",""size"":""small""},{""#text"":""https://lastfm.freetls.fastly.net/i/u/64s/2a96cbd8b46e442fc41c2b86b821562f.png"",""size"":""medium""},{""#text"":""https://lastfm.freetls.fastly.net/i/u/174s/2a96cbd8b46e442fc41c2b86b821562f.png"",""size"":""large""},{""#text"":""https://lastfm.freetls.fastly.net/i/u/300x300/2a96cbd8b46e442fc41c2b86b821562f.png"",""size"":""extralarge""},{""#text"":""https://lastfm.freetls.fastly.net/i/u/300x300/2a96cbd8b46e442fc41c2b86b821562f.png"",""size"":""mega""}]",https://lastfm.freetls.fastly.net/i/u/34s/2a96cbd8b46e442fc41c2b86b821562f.png
Cheri Dennis,a2ae7ec5-fb48-4a81-9a75-135296664347,https://www.last.fm/music/Cheri+Dennis,"[{""#text"":""https://lastfm.freetls.fastly.net/i/u/34s/2a96cbd8b46e442fc41c2b86b821562f.png"",""size"":""small""},{""#text"":""https://lastfm.freetls.fastly.net/i/u/64s/2a96cbd8b46e442fc41c2b86b821562f.png"",""size"":""medium""},{""#text"":""https://lastfm.freetls.fastly.net/i/u/174s/2a96cbd8b46e442fc41c2b86b821562f.png"",""size"":""large""},{""#text"":""https://lastfm.freetls.fastly.net/i/u/300x300/2a96cbd8b46e442fc41c2b86b821562f.png"",""size"":""extralarge""},{""#text"":""https://lastfm.freetls.fastly.net/i/u/300x300/2a96cbd8b46e442fc41c2b86b821562f.png"",""size"":""mega""}]",https://lastfm.freetls.fastly.net/i/u/34s/2a96cbd8b46e442fc41c2b86b821562f.png
Dennis Kuo,f712595f-745e-439b-b944-3968734f2a08,https://www.last.fm/music/Dennis+Kuo,"[{""#text"":""https://lastfm.freetls.fastly.net/i/u/34s/2a96cbd8b46e442fc41c2b86b821562f.png"",""size"":""small""},{""#text"":""https://lastfm.freetls.fastly.net/i/u/64s/2a96cbd8b46e442fc41c2b86b821562f.png"",""size"":""medium""},{""#text"":""https://lastfm.freetls.fastly.net/i/u/174s/2a96cbd8b46e442fc41c2b86b821562f.png"",""size"":""large""},{""#text"":""https://lastfm.freetls.fastly.net/i/u/300x300/2a96cbd8b46e442fc41c2b86b821562f.png"",""size"":""extralarge""},{""#text"":""https://lastfm.freetls.fastly.net/i/u/300x300/2a96cbd8b46e442fc41c2b86b821562f.png"",""size"":""mega""}]",https://lastfm.freetls.fastly.net/i/u/34s/2a96cbd8b46e442fc41c2b86b821562f.png
Dennis Arana,,https://www.last.fm/music/Dennis+Arana,"[{""#text"":""https://lastfm.freetls.fastly.net/i/u/34s/2a96cbd8b46e442fc41c2b86b821562f.png"",""size"":""small""},{""#text"":""https://lastfm.freetls.fastly.net/i/u/64s/2a96cbd8b46e442fc41c2b86b821562f.png"",""size"":""medium""},{""#text"":""https://lastfm.freetls.fastly.net/i/u/174s/2a96cbd8b46e442fc41c2b86b821562f.png"",""size"":""large""},{""#text"":""https://lastfm.freetls.fastly.net/i/u/300x300/2a96cbd8b46e442fc41c2b86b821562f.png"",""size"":""extralarge""},{""#text"":""https://lastfm.freetls.fastly.net/i/u/300x300/2a96cbd8b46e442fc41c2b86b821562f.png"",""size"":""mega""}]",https://lastfm.freetls.fastly.net/i/u/34s/2a96cbd8b46e442fc41c2b86b821562f.png
Dennis Dies Das,,https://www.last.fm/music/Dennis+Dies+Das,"[{""#text"":""https://lastfm.freetls.fastly.net/i/u/34s/2a96cbd8b46e442fc41c2b86b821562f.png"",""size"":""small""},{""#text"":""https://lastfm.freetls.fastly.net/i/u/64s/2a96cbd8b46e442fc41c2b86b821562f.png"",""size"":""medium""},{""#text"":""https://lastfm.freetls.fastly.net/i/u/174s/2a96cbd8b46e442fc41c2b86b821562f.png"",""size"":""large""},{""#text"":""https://lastfm.freetls.fastly.net/i/u/300x300/2a96cbd8b46e442fc41c2b86b821562f.png"",""size"":""extralarge""},{""#text"":""https://lastfm.freetls.fastly.net/i/u/300x300/2a96cbd8b46e442fc41c2b86b821562f.png"",""size"":""mega""}]",https://lastfm.freetls.fastly.net/i/u/34s/2a96cbd8b46e442fc41c2b86b821562f.png
Dennis DeYoung,9da87628-95a0-4820-93c7-7b1609d9bce7,https://www.last.fm/music/Dennis+DeYoung,"[{""#text"":""https://lastfm.freetls.fastly.net/i/u/34s/2a96cbd8b46e442fc41c2b86b821562f.png"",""size"":""small""},{""#text"":""https://lastfm.freetls.fastly.net/i/u/64s/2a96cbd8b46e442fc41c2b86b821562f.png"",""size"":""medium""},{""#text"":""https://lastfm.freetls.fastly.net/i/u/174s/2a96cbd8b46e442fc41c2b86b821562f.png"",""size"":""large""},{""#text"":""https://lastfm.freetls.fastly.net/i/u/300x300/2a96cbd8b46e442fc41c2b86b821562f.png"",""size"":""extralarge""},{""#text"":""https://lastfm.freetls.fastly.net/i/u/300x300/2a96cbd8b46e442fc41c2b86b821562f.png"",""size"":""mega""}]",https://lastfm.freetls.fastly.net/i/u/34s/2a96cbd8b46e442fc41c2b86b821562f.png
Eve Dennison,,https://www.last.fm/music/Eve+Dennison,"[{""#text"":"""",""size"":""small""},{""#text"":"""",""size"":""medium""},{""#text"":"""",""size"":""large""},{""#text"":"""",""size"":""extralarge""},{""#text"":"""",""size"":""mega""}]",
Dennis Ruyer,ab097ec9-2877-4b11-ac75-acfc0430a44e,https://www.last.fm/music/Dennis+Ruyer,"[{""#text"":""https://lastfm.freetls.fastly.net/i/u/34s/2a96cbd8b46e442fc41c2b86b821562f.png"",""size"":""small""},{""#text"":""https://lastfm.freetls.fastly.net/i/u/64s/2a96cbd8b46e442fc41c2b86b821562f.png"",""size"":""medium""},{""#text"":""https://lastfm.freetls.fastly.net/i/u/174s/2a96cbd8b46e442fc41c2b86b821562f.png"",""size"":""large""},{""#text"":""https://lastfm.freetls.fastly.net/i/u/300x300/2a96cbd8b46e442fc41c2b86b821562f.png"",""size"":""extralarge""},{""#text"":""https://lastfm.freetls.fastly.net/i/u/300x300/2a96cbd8b46e442fc41c2b86b821562f.png"",""size"":""mega""}]",https://lastfm.freetls.fastly.net/i/u/34s/2a96cbd8b46e442fc41c2b86b821562f.png
Dennis Kamakahi,003f777f-98e1-4a55-9548-6ec52b7e624c,https://www.last.fm/music/Dennis+Kamakahi,"[{""#text"":""https://lastfm.freetls.fastly.net/i/u/34s/2a96cbd8b46e442fc41c2b86b821562f.png"",""size"":""small""},{""#text"":""https://lastfm.freetls.fastly.net/i/u/64s/2a96cbd8b46e442fc41c2b86b821562f.png"",""size"":""medium""},{""#text"":""https://lastfm.freetls.fastly.net/i/u/174s/2a96cbd8b46e442fc41c2b86b821562f.png"",""size"":""large""},{""#text"":""https://lastfm.freetls.fastly.net/i/u/300x300/2a96cbd8b46e442fc41c2b86b821562f.png"",""size"":""extralarge""},{""#text"":""https://lastfm.freetls.fastly.net/i/u/300x300/2a96cbd8b46e442fc41c2b86b821562f.png"",""size"":""mega""}]",https://lastfm.freetls.fastly.net/i/u/34s/2a96cbd8b46e442fc41c2b86b821562f.png
Dennis Christopher,36efff8d-2d6a-404b-aa1b-f9c6215b31f3,https://www.last.fm/music/Dennis+Christopher,"[{""#text"":""https://lastfm.freetls.fastly.net/i/u/34s/2a96cbd8b46e442fc41c2b86b821562f.png"",""size"":""small""},{""#text"":""https://lastfm.freetls.fastly.net/i/u/64s/2a96cbd8b46e442fc41c2b86b821562f.png"",""size"":""medium""},{""#text"":""https://lastfm.freetls.fastly.net/i/u/174s/2a96cbd8b46e442fc41c2b86b821562f.png"",""size"":""large""},{""#text"":""https://lastfm.freetls.fastly.net/i/u/300x300/2a96cbd8b46e442fc41c2b86b821562f.png"",""size"":""extralarge""},{""#text"":""https://lastfm.freetls.fastly.net/i/u/300x300/2a96cbd8b46e442fc41c2b86b821562f.png"",""size"":""mega""}]",https://lastfm.freetls.fastly.net/i/u/34s/2a96cbd8b46e442fc41c2b86b821562f.png
Dennis Riley-Jones,,https://www.last.fm/music/Dennis+Riley-Jones,"[{""#text"":"""",""size"":""small""},{""#text"":"""",""size"":""medium""},{""#text"":"""",""size"":""large""},{""#text"":"""",""size"":""extralarge""},{""#text"":"""",""size"":""mega""}]",
Dennis de Laat,c3fa5d49-1ae4-4607-8e31-5609a9b9943d,https://www.last.fm/music/Dennis+de+Laat,"[{""#text"":""https://lastfm.freetls.fastly.net/i/u/34s/2a96cbd8b46e442fc41c2b86b821562f.png"",""size"":""small""},{""#text"":""https://lastfm.freetls.fastly.net/i/u/64s/2a96cbd8b46e442fc41c2b86b821562f.png"",""size"":""medium""},{""#text"":""https://lastfm.freetls.fastly.net/i/u/174s/2a96cbd8b46e442fc41c2b86b821562f.png"",""size"":""large""},{""#text"":""https://lastfm.freetls.fastly.net/i/u/300x300/2a96cbd8b46e442fc41c2b86b821562f.png"",""size"":""extralarge""},{""#text"":""https://lastfm.freetls.fastly.net/i/u/300x300/2a96cbd8b46e442fc41c2b86b821562f.png"",""size"":""mega""}]",https://lastfm.freetls.fastly.net/i/u/34s/2a96cbd8b46e442fc41c2b86b821562f.png